lmasjgxevsucuiiegqoecakkzmgeeocqxevcpsyq length 5 43012 page 43012 <!DOCTYPE html>
<html lang="en">
  <head>
    

    <meta charset="utf-8" />
    <meta
      name="viewport"
      content="width=device-width, initial-scale=1, shrink-to-fit=no"
    />
    <link rel="icon" href="../../static/img/favicon.gif" />

    <title>
      Mathematicians Born In Germany - MacTutor History of Mathematics
    </title>

    <!-- Bootstrap CSS -->
    <link
      rel="stylesheet"
      href="../../static/css/bootstrap.min.css?h=8de02d92"
    />

    <!-- Custom CSS - must be in this order -->
    <link rel="stylesheet" href="../../static/css/lato.css?h=cc1e7b16" />
    <link rel="stylesheet" href="../../static/css/reset.css?h=d363f773" />
    <link rel="stylesheet" href="../../static/css/custom.css?h=af6c60f9" />
    <link rel="stylesheet" href="../../static/css/site.css?h=009079dc" />
    <link rel="stylesheet" href="../../static/css/content.css?h=469c9b2b" />
    <link
      rel="stylesheet"
      href="../../static/katex/katex.min.css?h=607b2673"
    />
    <link rel="stylesheet" href="../../static/css/tooltip.css?h=8bb1ae34" />
    <link
      rel="stylesheet"
      href="https://cdnjs.cloudflare.com/ajax/libs/font-awesome/4.7.0/css/font-awesome.min.css"
    />
    <!-- Switch design skin -->
    <link id="new-theme-style" rel="stylesheet" />

     

    <!-- opposite of noscript -->
    <noscript>
      <style>
        .nonoscript {
          display: none;
        }
      </style>
    </noscript>
    
<link rel="stylesheet" href="../../static/css/indexes.css?h=73cef610" type="text/css">

<!-- opengraph -->
<meta property="og:title" content="Germany">
<meta property="og:description" content="A list of the mathematicians born in Germany">
<meta property="og:site_name" content="Maths History">
<meta property="og:locale" content="en_GB">
<meta property="og:url" content="https://mathshistory.st-andrews.ac.uk/Countries/Germany/">

<!-- twitter card -->
<meta name="twitter:card" content="summary" />
<meta name="twitter:site" content="Maths History" />
<meta name="twitter:title" content="Germany" />
<meta name="twitter:description" content="A list of the mathematicians born in Germany" />

  </head>

  <body>
    <div class="container">
      
      <!--noindex-->

      <!-- HEADER -->
      <header class="site-header py-3 position-relative">
        <!-- skip link for accessibility -->
        <a class="skip-link" href="#main">Skip to content</a>
        <div class="row flex-nowrap justify-content-between align-items-center">
          <div class="col pt-1">
            <a
              class="site-header-name text-decoration-none"
              href="../../"
            >
              <h1 class="site-header-name">
                <img
                  height="48"
                  src="../../static/img/logo.png"
                  alt="MacTutor logo"
                />&nbsp;MacTutor
              </h1>
            </a>
          </div>
        </div>
        <!-- <a
          href="javascript:void()"
          class="row justify-content-end small pr-4"
          id="theme-toggler"
          onclick="toggleTheme()"
        >
          <i class="fa" style="width: min-content">&#xf1fc;</i>
        </a> -->
      </header>
      <!-- END HEADER -->

      <!-- NAVIGATION -->
      <div class="container nav-bar" role="navigation">
        <div class="row nav">
          
          <a class="col-md-auto p-2" href="../../">Home</a>
          
          <a class="col-md-auto p-2" href="../../Biographies/">Biographies</a>
          
          <a class="col-md-auto p-2" href="../../HistTopics/">History Topics</a>
          
          <a class="col-md-auto p-2" href="../../Map/">Map</a>
          
          <a class="col-md-auto p-2" href="../../Curves/">Curves</a>
          
          <a class="col-md-auto p-2" href="../../Search/">Search</a>
          
        </div>
      </div>
      <!-- END NAVIGATION -->

      <!--endnoindex-->

      <main id="main">

<div class="row">
  <div class="col-md-12">
    <h2>Mathematicians Born In Germany</h2>
  </div>
</div>

<!--noindex-->
<div class="row">
  <div class="col-md-8">
    <ul>
      
      <li><a href="../../Biographies/Abbe/">Abbe, Ernst</a> (1840 - 1905)</li>
      
      <li><a href="../../Biographies/Abraham_Max/">Abraham, Max</a> (1875 - 1922)</li>
      
      <li><a href="../../Biographies/Ackermann/">Ackermann, Wilhelm</a> (1896 - 1962)</li>
      
      <li><a href="../../Biographies/Aepinus/">Aepinus, Franz</a> (1724 - 1802)</li>
      
      <li><a href="../../Biographies/Ahrens/">Ahrens, Wilhelm</a> (1872 - 1927)</li>
      
      <li><a href="../../Biographies/Albert/">Albert of Saxony</a> (1316 - 1390)</li>
      
      <li><a href="../../Biographies/Albertus/">Albert the Great</a> (1200 - 1280)</li>
      
      <li><a href="../../Biographies/Albertus/">Albertus Magnus, Saint</a> (1200 - 1280)</li>
      
      <li><a href="../../Biographies/Apianus/">Apian, Peter</a> (1495 - 1552)</li>
      
      <li><a href="../../Biographies/Apianus/">Apianus, Petrus</a> (1495 - 1552)</li>
      
      <li><a href="../../Biographies/Artin_Michael/">Artin, Michael</a> (1934 - )</li>
      
      <li><a href="../../Biographies/Bachmann_Friedrich/">Bachmann, Friedrich</a> (1909 - 1982)</li>
      
      <li><a href="../../Biographies/Bachmann/">Bachmann, Paul</a> (1837 - 1920)</li>
      
      <li><a href="../../Biographies/Baer/">Baer, Reinhold</a> (1902 - 1979)</li>
      
      <li><a href="../../Biographies/Bartels/">Bartels, Martin</a> (1769 - 1836)</li>
      
      <li><a href="../../Biographies/Bauer/">Bauer, Heinz</a> (1928 - 2002)</li>
      
      <li><a href="../../Biographies/Behnke/">Behnke, Heinrich</a> (1898 - 1979)</li>
      
      <li><a href="../../Biographies/Behrend/">Behrend, Felix</a> (1911 - 1962)</li>
      
      <li><a href="../../Biographies/Apianus/">Bennewitz, Peter</a> (1495 - 1552)</li>
      
      <li><a href="../../Biographies/Bernstein_Felix/">Bernstein, Felix</a> (1878 - 1956)</li>
      
      <li><a href="../../Biographies/Bessel/">Bessel, Wilhelm</a> (1784 - 1846)</li>
      
      <li><a href="../../Biographies/Bessel-Hagen/">Bessel-Hagen, Erich</a> (1898 - 1946)</li>
      
      <li><a href="../../Biographies/Bieberbach/">Bieberbach, Ludwig</a> (1886 - 1982)</li>
      
      <li><a href="../../Biographies/Blumenthal/">Blumenthal, Otto</a> (1876 - 1944)</li>
      
      <li><a href="../../Biographies/Du_Bois-Reymond/">Bois-Reymond, Paul du</a> (1831 - 1889)</li>
      
      <li><a href="../../Biographies/Bolza/">Bolza, Oskar</a> (1857 - 1942)</li>
      
      <li><a href="../../Biographies/Borchardt/">Borchardt, Carl</a> (1817 - 1880)</li>
      
      <li><a href="../../Biographies/Bramer/">Bramer, Benjamin</a> (1588 - 1652)</li>
      
      <li><a href="../../Biographies/Brauer_Alfred/">Brauer, Alfred</a> (1894 - 1985)</li>
      
      <li><a href="../../Biographies/Brauer/">Brauer, Richard</a> (1901 - 1977)</li>
      
      <li><a href="../../Biographies/Bremermann/">Bremermann, Hans-Joachim</a> (1926 - 1996)</li>
      
      <li><a href="../../Biographies/Brill/">Brill, Alexander von</a> (1842 - 1935)</li>
      
      <li><a href="../../Biographies/Bruck/">Brück, Hermann</a> (1905 - 2000)</li>
      
      <li><a href="../../Biographies/Bruns/">Bruns, Heinrich</a> (1848 - 1919)</li>
      
      <li><a href="../../Biographies/Burckhardt/">Burckhardt, Johann</a> (1773 - 1825)</li>
      
      <li><a href="../../Biographies/Burkhardt/">Burkhardt, Heinrich</a> (1861 - 1914)</li>
      
      <li><a href="../../Biographies/Butzer/">Butzer, Paul</a> (1928 - )</li>
      
      <li><a href="../../Biographies/Cantor_Moritz/">Cantor, Moritz</a> (1829 - 1920)</li>
      
      <li><a href="../../Biographies/Caratheodory/">Carathéodory, Constantin</a> (1873 - 1950)</li>
      
      <li><a href="../../Biographies/Cauer/">Cauer, Wilhelm</a> (1900 - 1945)</li>
      
      <li><a href="../../Biographies/Van_Ceulen/">Ceulen, Ludolph van</a> (1540 - 1610)</li>
      
      <li><a href="../../Biographies/Christoffel/">Christoffel, Elwin</a> (1829 - 1900)</li>
      
      <li><a href="../../Biographies/Clavius/">Clavius, Christopher</a> (1538 - 1612)</li>
      
      <li><a href="../../Biographies/Cohn/">Cohn, Paul</a> (1924 - 2006)</li>
      
      <li><a href="../../Biographies/Collatz/">Collatz, Lothar</a> (1910 - 1990)</li>
      
      <li><a href="../../Biographies/Hermann_of_Reichenau/">Contractus, Hermann</a> (1013 - 1054)</li>
      
      <li><a href="../../Biographies/Crelle/">Crelle, August</a> (1780 - 1855)</li>
      
      <li><a href="../../Biographies/Cusa/">Cusa, Nicholas</a> (1401 - 1464)</li>
      
      <li><a href="../../Biographies/Dase/">Dase, Zacharias</a> (1824 - 1861)</li>
      
      <li><a href="../../Biographies/Dedekind/">Dedekind, Richard</a> (1831 - 1916)</li>
      
      <li><a href="../../Biographies/Dehn/">Dehn, Max</a> (1878 - 1952)</li>
      
      <li><a href="../../Biographies/Deuring/">Deuring, Max</a> (1907 - 1984)</li>
      
      <li><a href="../../Biographies/Dirichlet/">Dirichlet, Lejeune</a> (1805 - 1859)</li>
      
      <li><a href="../../Biographies/Dirksen/">Dirksen, Enno</a> (1788 - 1850)</li>
      
      <li><a href="../../Biographies/Doeblin/">Doeblin, Wolfgang</a> (1915 - 1940)</li>
      
      <li><a href="../../Biographies/Doetsch/">Doetsch, Gustav</a> (1892 - 1977)</li>
      
      <li><a href="../../Biographies/Doppelmayr/">Doppelmayr, Johann</a> (1677 - 1750)</li>
      
      <li><a href="../../Biographies/Dorge/">Dörge, Karl</a> (1899 - 1975)</li>
      
      <li><a href="../../Biographies/Du_Bois-Reymond/">du Bois-Reymond, Paul</a> (1831 - 1889)</li>
      
      <li><a href="../../Biographies/Durer/">Dürer, Albrecht</a> (1471 - 1528)</li>
      
      <li><a href="../../Biographies/Von_Dyck/">Dyck, Walther von</a> (1856 - 1934)</li>
      
      <li><a href="../../Biographies/Eichler/">Eichler, Martin</a> (1912 - 1992)</li>
      
      <li><a href="../../Biographies/Einstein/">Einstein, Albert</a> (1879 - 1955)</li>
      
      <li><a href="../../Biographies/Eisenstein/">Eisenstein, Gotthold</a> (1823 - 1852)</li>
      
      <li><a href="../../Biographies/Encke/">Encke, Johann</a> (1791 - 1865)</li>
      
      <li><a href="../../Biographies/Engel/">Engel, Friedrich</a> (1861 - 1941)</li>
      
      <li><a href="../../Biographies/Epstein/">Epstein, Paul</a> (1871 - 1939)</li>
      
      <li><a href="../../Biographies/Estermann/">Estermann, Theodor</a> (1902 - 1991)</li>
      
      <li><a href="../../Biographies/Faber/">Faber, Georg</a> (1877 - 1966)</li>
      
      <li><a href="../../Biographies/Faltings/">Faltings, Gerd</a> (1954 - )</li>
      
      <li><a href="../../Biographies/Faulhaber/">Faulhaber, Johann</a> (1580 - 1635)</li>
      
      <li><a href="../../Biographies/Feigl/">Feigl, Georg</a> (1890 - 1945)</li>
      
      <li><a href="../../Biographies/Feuerbach/">Feuerbach, Karl</a> (1800 - 1834)</li>
      
      <li><a href="../../Biographies/Fiedler_Ernst/">Fiedler, Ernst</a> (1861 - 1954)</li>
      
      <li><a href="../../Biographies/Fiedler_Wilhelm/">Fiedler, Wilhelm</a> (1832 - 1912)</li>
      
      <li><a href="../../Biographies/Fincke/">Fincke, Thomas</a> (1561 - 1656)</li>
      
      <li><a href="../../Biographies/Finsler/">Finsler, Paul</a> (1894 - 1970)</li>
      
      <li><a href="../../Biographies/Fitting/">Fitting, Hans</a> (1906 - 1938)</li>
      
      <li><a href="../../Biographies/Floer/">Floer, Andreas</a> (1956 - 1991)</li>
      
      <li><a href="../../Biographies/Flugge/">Flügge, Wilhelm</a> (1904 - 1990)</li>
      
      <li><a href="../../Biographies/Flugge-Lotz/">Flügge-Lotz, Irmgard</a> (1903 - 1974)</li>
      
      <li><a href="../../Biographies/Fraenkel/">Fraenkel, Adolf</a> (1891 - 1965)</li>
      
      <li><a href="../../Biographies/Frege/">Frege, Gottlob</a> (1848 - 1925)</li>
      
      <li><a href="../../Biographies/Freudenthal/">Freudenthal, Hans</a> (1905 - 1990)</li>
      
      <li><a href="../../Biographies/Freundlich/">Freundlich, Finlay</a> (1885 - 1964)</li>
      
      <li><a href="../../Biographies/Fricke/">Fricke, Robert</a> (1861 - 1930)</li>
      
      <li><a href="../../Biographies/Friedrichs/">Friedrichs, Kurt</a> (1901 - 1982)</li>
      
      <li><a href="../../Biographies/Frobenius/">Frobenius, Georg</a> (1849 - 1917)</li>
      
      <li><a href="../../Biographies/Frohlich/">Fröhlich, Albrecht</a> (1916 - 2001)</li>
      
      <li><a href="../../Biographies/Fuchs_Klaus/">Fuchs, Klaus</a> (1911 - 1988)</li>
      
      <li><a href="../../Biographies/Fuchs_Richard/">Fuchs, Richard</a> (1873 - 1944)</li>
      
      <li><a href="../../Biographies/Furstenberg/">Furstenberg, Hillel</a> (1935 - )</li>
      
      <li><a href="../../Biographies/Furtwangler/">Furtwängler, Philipp</a> (1869 - 1940)</li>
      
      <li><a href="../../Biographies/Gaschutz/">Gaschütz, Wolfgang</a> (1920 - 2016)</li>
      
      <li><a href="../../Biographies/Gauss/">Gauss, Carl Friedrich</a> (1777 - 1855)</li>
      
      <li><a href="../../Biographies/Gentzen/">Gentzen, Gerhard</a> (1909 - 1945)</li>
      
      <li><a href="../../Biographies/Gopel/">Göpel, Adolph</a> (1812 - 1847)</li>
      
      <li><a href="../../Biographies/Graffe/">Gräffe, Karl</a> (1799 - 1873)</li>
      
      <li><a href="../../Biographies/Grauert/">Grauert, Hans</a> (1930 - 2011)</li>
      
      <li><a href="../../Biographies/Gromoll/">Gromoll, Detlef</a> (1938 - 2008)</li>
      
      <li><a href="../../Biographies/Grothendieck/">Grothendieck, Alexander</a> (1928 - 2014)</li>
      
      <li><a href="../../Biographies/Grunewald/">Grunewald, Fritz</a> (1949 - 2010)</li>
      
      <li><a href="../../Biographies/Grunsky/">Grunsky, Helmut</a> (1904 - 1986)</li>
      
      <li><a href="../../Biographies/Gudermann/">Gudermann, Christoph</a> (1798 - 1852)</li>
      
      <li><a href="../../Biographies/Guenther/">Guenther, Adam</a> (1848 - 1923)</li>
      
      <li><a href="../../Biographies/Gutzmer/">Gutzmer, Karl</a> (1860 - 1924)</li>
      
      <li><a href="../../Biographies/Haack/">Haack, Wolfgang</a> (1902 - 1994)</li>
      
      <li><a href="../../Biographies/Nugel/">Hahn, Frieda Nugel</a> (1884 - 1966)</li>
      
      <li><a href="../../Biographies/Hahn_Wolfgang/">Hahn, Wolfgang</a> (1911 - 1998)</li>
      
      <li><a href="../../Biographies/Hamburger/">Hamburger, Hans</a> (1889 - 1956)</li>
      
      <li><a href="../../Biographies/Hamel/">Hamel, Georg</a> (1877 - 1954)</li>
      
      <li><a href="../../Biographies/Hankel/">Hankel, Hermann</a> (1839 - 1873)</li>
      
      <li><a href="../../Biographies/Hasse/">Hasse, Helmut</a> (1898 - 1979)</li>
      
      <li><a href="../../Biographies/Hatzidakis/">Hatzidakis, Nikolaos</a> (1872 - 1942)</li>
      
      <li><a href="../../Biographies/Haupt/">Haupt, Otto</a> (1887 - 1988)</li>
      
      <li><a href="../../Biographies/Hayman/">Hayman, Walter</a> (1926 - 2020)</li>
      
      <li><a href="../../Biographies/Hecht/">Hecht, Daniel</a> (1777 - 1833)</li>
      
      <li><a href="../../Biographies/Heilbronn/">Heilbronn, Hans</a> (1908 - 1975)</li>
      
      <li><a href="../../Biographies/Heine/">Heine, Eduard</a> (1821 - 1881)</li>
      
      <li><a href="../../Biographies/Heins/">Heins, Valentin</a> (1637 - 1704)</li>
      
      <li><a href="../../Biographies/Heisenberg/">Heisenberg, Werner</a> (1901 - 1976)</li>
      
      <li><a href="../../Biographies/Helmholtz/">Helmholtz, Hermann von</a> (1821 - 1894)</li>
      
      <li><a href="../../Biographies/Henrici/">Henrici, Olaus</a> (1840 - 1918)</li>
      
      <li><a href="../../Biographies/Hermann_of_Reichenau/">Hermann of Reichenau</a> (1013 - 1054)</li>
      
      <li><a href="../../Biographies/Herschel_Caroline/">Herschel, Caroline</a> (1750 - 1848)</li>
      
      <li><a href="../../Biographies/Herschel_William/">Herschel, William</a> (1738 - 1822)</li>
      
      <li><a href="../../Biographies/Hertz_Gustav/">Hertz, Gustav</a> (1887 - 1975)</li>
      
      <li><a href="../../Biographies/Hertz_Heinrich/">Hertz, Heinrich</a> (1857 - 1894)</li>
      
      <li><a href="../../Biographies/Herzberger/">Herzberger, Maximilian</a> (1899 - 1982)</li>
      
      <li><a href="../../Biographies/Heun/">Heun, Karl</a> (1859 - 1929)</li>
      
      <li><a href="../../Biographies/Hilb/">Hilb, Emil</a> (1882 - 1929)</li>
      
      <li><a href="../../Biographies/Hindenburg/">Hindenburg, Carl</a> (1741 - 1808)</li>
      
      <li><a href="../../Biographies/Hirsch/">Hirsch, Kurt</a> (1906 - 1986)</li>
      
      <li><a href="../../Biographies/Hirzebruch/">Hirzebruch, Friedrich</a> (1927 - 2012)</li>
      
      <li><a href="../../Biographies/Holder/">Hölder, Otto</a> (1859 - 1937)</li>
      
      <li><a href="../../Biographies/Honig/">Hönig, Chaim Samuel</a> (1926 - 2018)</li>
      
      <li><a href="../../Biographies/Hurwitz/">Hurwitz, Adolf</a> (1859 - 1919)</li>
      
      <li><a href="../../Biographies/Rothe-Ille/">Ille, Hildegard Rothe-</a> (1899 - 1942)</li>
      
      <li><a href="../../Biographies/Jacobi/">Jacobi, Carl</a> (1804 - 1851)</li>
      
      <li><a href="../../Biographies/Jacobsthal/">Jacobsthal, Ernst</a> (1882 - 1965)</li>
      
      <li><a href="../../Biographies/John/">John, Fritz</a> (1910 - 1994)</li>
      
      <li><a href="../../Biographies/Jordan_Pascual/">Jordan, Pascual</a> (1902 - 1980)</li>
      
      <li><a href="../../Biographies/Jordanus/">Jordanus Nemorarius</a> (1225 - 1260)</li>
      
      <li><a href="../../Biographies/Jung/">Jung, Heinrich</a> (1876 - 1953)</li>
      
      <li><a href="../../Biographies/Jungius/">Jungius, Joachim</a> (1587 - 1657)</li>
      
      <li><a href="../../Biographies/Kaestner/">Kaestner, Abraham</a> (1719 - 1800)</li>
      
      <li><a href="../../Biographies/Kahler/">Kähler, Erich</a> (1906 - 2000)</li>
      
      <li><a href="../../Biographies/Kahn/">Kahn, Franz</a> (1926 - 1998)</li>
      
      <li><a href="../../Biographies/Karsten/">Karsten, Wenceslaus</a> (1732 - 1787)</li>
      
      <li><a href="../../Biographies/Kaestner/">Kästner, Abraham</a> (1719 - 1800)</li>
      
      <li><a href="../../Biographies/Keller/">Keller, Eduard</a> (1906 - 1990)</li>
      
      <li><a href="../../Biographies/Keller/">Keller, Ott-Heinrich</a> (1906 - 1990)</li>
      
      <li><a href="../../Biographies/Kepler/">Kepler, Johannes</a> (1571 - 1630)</li>
      
      <li><a href="../../Biographies/Killing/">Killing, Wilhelm</a> (1847 - 1923)</li>
      
      <li><a href="../../Biographies/Kirch/">Kirch, Maria</a> (1670 - 1720)</li>
      
      <li><a href="../../Biographies/Klein/">Klein, Felix</a> (1849 - 1925)</li>
      
      <li><a href="../../Biographies/Klingenberg/">Klingenberg, Wilhelm</a> (1924 - 2010)</li>
      
      <li><a href="../../Biographies/Klugel/">Klügel, Georg</a> (1739 - 1812)</li>
      
      <li><a href="../../Biographies/Kneser/">Kneser, Adolf</a> (1862 - 1930)</li>
      
      <li><a href="../../Biographies/Knopp/">Knopp, Konrad</a> (1882 - 1957)</li>
      
      <li><a href="../../Biographies/Koebe/">Koebe, Paul</a> (1882 - 1945)</li>
      
      <li><a href="../../Biographies/Konig_Samuel/">König, Samuel</a> (1712 - 1757)</li>
      
      <li><a href="../../Biographies/Cusa/">Krebs, Nicholas</a> (1401 - 1464)</li>
      
      <li><a href="../../Biographies/Krull/">Krull, Wolfgang</a> (1899 - 1971)</li>
      
      <li><a href="../../Biographies/Cusa/">Kryffs, Nicholas</a> (1401 - 1464)</li>
      
      <li><a href="../../Biographies/Hermann_of_Reichenau/">Lame, Hermann the</a> (1013 - 1054)</li>
      
      <li><a href="../../Biographies/Landau/">Landau, Edmund</a> (1877 - 1938)</li>
      
      <li><a href="../../Biographies/Ledermann/">Ledermann, Walter</a> (1911 - 2009)</li>
      
      <li><a href="../../Biographies/Leibniz/">Leibniz, Gottfried von</a> (1646 - 1716)</li>
      
      <li><a href="../../Biographies/Leopoldt/">Leopoldt, Heinrich-Wolfgang</a> (1927 - 2011)</li>
      
      <li><a href="../../Biographies/Lexis/">Lexis, Wilhelm</a> (1837 - 1914)</li>
      
      <li><a href="../../Biographies/Lindemann/">Lindemann, Ferdinand von</a> (1852 - 1939)</li>
      
      <li><a href="../../Biographies/Listing/">Listing, Johann</a> (1808 - 1882)</li>
      
      <li><a href="../../Biographies/Lob/">Löb, Martin</a> (1921 - 2006)</li>
      
      <li><a href="../../Biographies/Lowenheim/">Löwenheim, Leopold</a> (1878 - 1957)</li>
      
      <li><a href="../../Biographies/Lueroth/">Lueroth, Jacob</a> (1844 - 1910)</li>
      
      <li><a href="../../Biographies/Lumer/">Lumer, Günter</a> (1929 - 2005)</li>
      
      <li><a href="../../Biographies/Lueroth/">Lüroth, Jacob</a> (1844 - 1910)</li>
      
      <li><a href="../../Biographies/Magnus/">Magnus, Wilhelm</a> (1907 - 1990)</li>
      
      <li><a href="../../Biographies/Mahler/">Mahler, Kurt</a> (1903 - 1988)</li>
      
      <li><a href="../../Biographies/Maruhn/">Maruhn, Karl</a> (1904 - 1976)</li>
      
      <li><a href="../../Biographies/Mastlin/">Mästlin, Michael</a> (1550 - 1631)</li>
      
      <li><a href="../../Biographies/Mayer_Adolph/">Mayer, Adolph</a> (1839 - 1908)</li>
      
      <li><a href="../../Biographies/Mayer_Tobias/">Mayer, Tobias</a> (1723 - 1762)</li>
      
      <li><a href="../../Biographies/Mayr/">Mayr, Simon</a> (1573 - 1624)</li>
      
      <li><a href="../../Biographies/Meinhardt/">Meinhardt, Hans</a> (1938 - 2016)</li>
      
      <li><a href="../../Biographies/Meissel/">Meissel, Ernst</a> (1826 - 1895)</li>
      
      <li><a href="../../Biographies/Meissner/">Meissner, Heinrich</a> (1644 - 1716)</li>
      
      <li><a href="../../Biographies/Mercator_Nicolaus/">Mercator, Nicolaus</a> (1620 - 1687)</li>
      
      <li><a href="../../Biographies/Meyer/">Meyer, Wilhelm</a> (1856 - 1934)</li>
      
      <li><a href="../../Biographies/Mobius/">Möbius, August</a> (1790 - 1868)</li>
      
      <li><a href="../../Biographies/Mohr_Ernst/">Mohr, Ernst</a> (1910 - 1989)</li>
      
      <li><a href="../../Biographies/Mollweide/">Mollweide, Karl</a> (1774 - 1825)</li>
      
      <li><a href="../../Biographies/Motzkin/">Motzkin, Theodore</a> (1908 - 1970)</li>
      
      <li><a href="../../Biographies/Moufang/">Moufang, Ruth</a> (1905 - 1977)</li>
      
      <li><a href="../../Biographies/Regiomontanus/">Müller, Johann</a> (1436 - 1476)</li>
      
      <li><a href="../../Biographies/Nagel/">Nagel, Christian</a> (1803 - 1882)</li>
      
      <li><a href="../../Biographies/Netto/">Netto, Eugen</a> (1846 - 1919)</li>
      
      <li><a href="../../Biographies/Neumann_Bernhard/">Neumann, Bernhard</a> (1909 - 2002)</li>
      
      <li><a href="../../Biographies/Neumann_Hanna/">Neumann, Hanna</a> (1914 - 1971)</li>
      
      <li><a href="../../Biographies/Noether_Emmy/">Noether, Emmy</a> (1882 - 1935)</li>
      
      <li><a href="../../Biographies/Noether_Fritz/">Noether, Fritz</a> (1884 - 1941)</li>
      
      <li><a href="../../Biographies/Noether_Max/">Noether, Max</a> (1844 - 1921)</li>
      
      <li><a href="../../Biographies/Nugel/">Nugel, Frieda</a> (1884 - 1966)</li>
      
      <li><a href="../../Biographies/Ohm/">Ohm, Georg Simon</a> (1789 - 1854)</li>
      
      <li><a href="../../Biographies/Ohm_Martin/">Ohm, Martin</a> (1792 - 1872)</li>
      
      <li><a href="../../Biographies/Reinher/">Paderborn, Reinher of</a> (1140 - 1190)</li>
      
      <li><a href="../../Biographies/Pahlings/">Pahlings, Herbert</a> (1939 - 2012)</li>
      
      <li><a href="../../Biographies/Peierls/">Peierls, Rudolf</a> (1907 - 1995)</li>
      
      <li><a href="../../Biographies/Perron/">Perron, Oskar</a> (1880 - 1975)</li>
      
      <li><a href="../../Biographies/Peschl/">Peschl, Ernst</a> (1906 - 1986)</li>
      
      <li><a href="../../Biographies/Pfaff/">Pfaff, Johann</a> (1765 - 1825)</li>
      
      <li><a href="../../Biographies/Planck/">Planck, Max</a> (1858 - 1947)</li>
      
      <li><a href="../../Biographies/Plucker/">Plücker, Julius</a> (1801 - 1868)</li>
      
      <li><a href="../../Biographies/Prager/">Prager, William</a> (1903 - 1980)</li>
      
      <li><a href="../../Biographies/Prandtl/">Prandtl, Ludwig</a> (1875 - 1953)</li>
      
      <li><a href="../../Biographies/Prufer/">Prüfer, Heinz</a> (1896 - 1934)</li>
      
      <li><a href="../../Biographies/Rademacher/">Rademacher, Hans</a> (1892 - 1969)</li>
      
      <li><a href="../../Biographies/Rado_Richard/">Rado, Richard</a> (1906 - 1989)</li>
      
      <li><a href="../../Biographies/Regiomontanus/">Regiomontanus Johann</a> (1436 - 1476)</li>
      
      <li><a href="../../Biographies/Reichardt/">Reichardt, Hans</a> (1908 - 1991)</li>
      
      <li><a href="../../Biographies/Hermann_of_Reichenau/">Reichenau, Hermann of</a> (1013 - 1054)</li>
      
      <li><a href="../../Biographies/Reichenbach/">Reichenbach, Hans</a> (1891 - 1953)</li>
      
      <li><a href="../../Biographies/Reidemeister/">Reidemeister, Kurt</a> (1893 - 1971)</li>
      
      <li><a href="../../Biographies/Reinhardt/">Reinhardt, Karl</a> (1895 - 1941)</li>
      
      <li><a href="../../Biographies/Reinher/">Reinher of Paderborn</a> (1140 - 1190)</li>
      
      <li><a href="../../Biographies/Reinhold/">Reinhold, Erasmus</a> (1511 - 1553)</li>
      
      <li><a href="../../Biographies/Remak/">Remak, Robert</a> (1888 - 1942)</li>
      
      <li><a href="../../Biographies/Reuter/">Reuter, Harry</a> (1921 - 1992)</li>
      
      <li><a href="../../Biographies/Reye/">Reye, Theodor</a> (1838 - 1919)</li>
      
      <li><a href="../../Biographies/Du_Bois-Reymond/">Reymond, Paul du Bois-</a> (1831 - 1889)</li>
      
      <li><a href="../../Biographies/Riemann/">Riemann, G F Bernhard</a> (1826 - 1866)</li>
      
      <li><a href="../../Biographies/Ries/">Ries, Adam</a> (1492 - 1559)</li>
      
      <li><a href="../../Biographies/Roch/">Roch, Gustav</a> (1839 - 1866)</li>
      
      <li><a href="../../Biographies/Rohn/">Rohn, Karl</a> (1855 - 1920)</li>
      
      <li><a href="../../Biographies/Rohrbach/">Rohrbach, Hans</a> (1903 - 1993)</li>
      
      <li><a href="../../Biographies/Romberg/">Romberg, Werner</a> (1909 - 2003)</li>
      
      <li><a href="../../Biographies/Rothe_Erich/">Rothe, Erich</a> (1895 - 1988)</li>
      
      <li><a href="../../Biographies/Rothe-Ille/">Rothe-Ille, Hildegard</a> (1899 - 1942)</li>
      
      <li><a href="../../Biographies/Rudio/">Rudio, Ferdinand</a> (1856 - 1929)</li>
      
      <li><a href="../../Biographies/Rund/">Rund, Hanno</a> (1925 - 1993)</li>
      
      <li><a href="../../Biographies/Runge/">Runge, Carl</a> (1856 - 1927)</li>
      
      <li><a href="../../Biographies/Sachs/">Sachs, Horst</a> (1927 - 2016)</li>
      
      <li><a href="../../Biographies/Scheffers/">Scheffers, Georg</a> (1866 - 1945)</li>
      
      <li><a href="../../Biographies/Scheiner/">Scheiner, Christoph</a> (1573 - 1650)</li>
      
      <li><a href="../../Biographies/Schickard/">Schickard, Wilhelm</a> (1592 - 1635)</li>
      
      <li><a href="../../Biographies/Schiffer/">Schiffer, Menahem</a> (1911 - 1997)</li>
      
      <li><a href="../../Biographies/Schlomilch/">Schlömilch, Oscar</a> (1823 - 1901)</li>
      
      <li><a href="../../Biographies/Schmid/">Schmid, Hermann</a> (1908 - 1956)</li>
      
      <li><a href="../../Biographies/Schmidt_F-K/">Schmidt, Friedrich</a> (1901 - 1977)</li>
      
      <li><a href="../../Biographies/Schmidt_Harry/">Schmidt, Harry</a> (1894 - 1951)</li>
      
      <li><a href="../../Biographies/Schneider/">Schneider, Theodor</a> (1911 - 1988)</li>
      
      <li><a href="../../Biographies/Scholz_Arnold/">Scholz, Arnold</a> (1904 - 1942)</li>
      
      <li><a href="../../Biographies/Scholz/">Scholz, Heinrich</a> (1884 - 1956)</li>
      
      <li><a href="../../Biographies/Schoy/">Schoy, Carl</a> (1877 - 1925)</li>
      
      <li><a href="../../Biographies/Schroder/">Schröder, Ernst</a> (1841 - 1902)</li>
      
      <li><a href="../../Biographies/Schubert_Hans/">Schubert, Hans</a> (1908 - 1987)</li>
      
      <li><a href="../../Biographies/Schubert/">Schubert, Hermann</a> (1848 - 1911)</li>
      
      <li><a href="../../Biographies/Schwarzschild/">Schwarzschild, Karl</a> (1873 - 1916)</li>
      
      <li><a href="../../Biographies/Schwerdtfeger/">Schwerdtfeger, Hans</a> (1902 - 1990)</li>
      
      <li><a href="../../Biographies/Seidel/">Seidel, Philipp von</a> (1821 - 1896)</li>
      
      <li><a href="../../Biographies/Seifert/">Seifert, Karl</a> (1907 - 1996)</li>
      
      <li><a href="../../Biographies/Siegel/">Siegel, Carl</a> (1896 - 1981)</li>
      
      <li><a href="../../Biographies/Specht/">Specht, Wilhelm</a> (1907 - 1985)</li>
      
      <li><a href="../../Biographies/Stackel/">Stäckel, Paul</a> (1862 - 1919)</li>
      
      <li><a href="../../Biographies/Von_Staudt/">Staudt, Carl Georg C von</a> (1798 - 1867)</li>
      
      <li><a href="../../Biographies/Stern/">Stern, Moritz</a> (1807 - 1894)</li>
      
      <li><a href="../../Biographies/Stifel/">Stifel, Michael</a> (1487 - 1567)</li>
      
      <li><a href="../../Biographies/Strassen/">Strassen, Volker</a> (1936 - )</li>
      
      <li><a href="../../Biographies/Straus/">Straus, Ernst</a> (1922 - 1983)</li>
      
      <li><a href="../../Biographies/Study/">Study, Eduard</a> (1862 - 1930)</li>
      
      <li><a href="../../Biographies/Suss/">Süss, Wilhelm</a> (1895 - 1958)</li>
      
      <li><a href="../../Biographies/Tanner/">Tanner, Cecily</a> (1900 - 1992)</li>
      
      <li><a href="../../Biographies/Taurinus/">Taurinus, Franz</a> (1794 - 1874)</li>
      
      <li><a href="../../Biographies/Teichmuller/">Teichmüller, Oswald</a> (1913 - 1943)</li>
      
      <li><a href="../../Biographies/Tetens/">Tetens, Johannes</a> (1736 - 1807)</li>
      
      <li><a href="../../Biographies/Theilheimer/">Theilheimer, Feodor</a> (1909 - 2000)</li>
      
      <li><a href="../../Biographies/Thomae/">Thomae, Johannes</a> (1840 - 1921)</li>
      
      <li><a href="../../Biographies/Threlfall/">Threlfall, William</a> (1888 - 1949)</li>
      
      <li><a href="../../Biographies/Tietz/">Tietz, Horst</a> (1921 - 2012)</li>
      
      <li><a href="../../Biographies/Ursell/">Ursell, Fritz</a> (1923 - 2012)</li>
      
      <li><a href="../../Biographies/Van_Ceulen/">van Ceulen, Ludolph</a> (1540 - 1610)</li>
      
      <li><a href="../../Biographies/Brill/">von Brill, Alexander</a> (1842 - 1935)</li>
      
      <li><a href="../../Biographies/Von_Dyck/">von Dyck, Walther</a> (1856 - 1934)</li>
      
      <li><a href="../../Biographies/Helmholtz/">von Helmholtz, Hermann</a> (1821 - 1894)</li>
      
      <li><a href="../../Biographies/Leibniz/">von Leibniz, Gottfried</a> (1646 - 1716)</li>
      
      <li><a href="../../Biographies/Lindemann/">von Lindemann, Carl</a> (1852 - 1939)</li>
      
      <li><a href="../../Biographies/Seidel/">von Seidel, Philipp</a> (1821 - 1896)</li>
      
      <li><a href="../../Biographies/Von_Staudt/">von Staudt, Karl</a> (1798 - 1867)</li>
      
      <li><a href="../../Biographies/Walter/">Walter, Marion</a> (1928 - 2021)</li>
      
      <li><a href="../../Biographies/Wangerin/">Wangerin, Albert</a> (1844 - 1933)</li>
      
      <li><a href="../../Biographies/Weber_Heinrich/">Weber, Heinrich</a> (1842 - 1913)</li>
      
      <li><a href="../../Biographies/Weber_Heinrich_F/">Weber, Heinrich F</a> (1843 - 1912)</li>
      
      <li><a href="../../Biographies/Weber_Johanna/">Weber, Johanna</a> (1910 - 2014)</li>
      
      <li><a href="../../Biographies/Weber/">Weber, Wilhelm</a> (1804 - 1891)</li>
      
      <li><a href="../../Biographies/Wegner/">Wegner, Udo</a> (1902 - 1989)</li>
      
      <li><a href="../../Biographies/Weierstrass/">Weierstrass, Karl</a> (1815 - 1897)</li>
      
      <li><a href="../../Biographies/Weingarten/">Weingarten, Julius</a> (1836 - 1910)</li>
      
      <li><a href="../../Biographies/Weisbach/">Weisbach, Julius</a> (1806 - 1871)</li>
      
      <li><a href="../../Biographies/Weise/">Weise, Karl</a> (1909 - 1990)</li>
      
      <li><a href="../../Biographies/Werner/">Werner, Johann</a> (1468 - 1522)</li>
      
      <li><a href="../../Biographies/Werner_Wendelin/">Werner, Wendelin</a> (1968 - )</li>
      
      <li><a href="../../Biographies/Weyl/">Weyl, Hermann</a> (1885 - 1955)</li>
      
      <li><a href="../../Biographies/Wielandt/">Wielandt, Helmut</a> (1910 - 2001)</li>
      
      <li><a href="../../Biographies/Wiener_Christian/">Wiener, Christian</a> (1826 - 1896)</li>
      
      <li><a href="../../Biographies/Wiener_Hermann/">Wiener, Hermann</a> (1857 - 1939)</li>
      
      <li><a href="../../Biographies/Wilczynski/">Wilczynski, Ernest</a> (1876 - 1932)</li>
      
      <li><a href="../../Biographies/Wiltheiss/">Wiltheiss, Ernst</a> (1855 - 1900)</li>
      
      <li><a href="../../Biographies/Kirch/">Winckelmann, Maria</a> (1670 - 1720)</li>
      
      <li><a href="../../Biographies/Wussing/">Wussing, Hans</a> (1927 - 2011)</li>
      
      <li><a href="../../Biographies/Tanner/">Young, Cecily Tanner</a> (1900 - 1992)</li>
      
      <li><a href="../../Biographies/Young_Laurence/">Young, Laurence</a> (1905 - 2000)</li>
      
      <li><a href="../../Biographies/Zassenhaus/">Zassenhaus, Hans</a> (1912 - 1991)</li>
      
      <li><a href="../../Biographies/Zehfuss/">Zehfuss, Georg</a> (1832 - 1901)</li>
      
      <li><a href="../../Biographies/Zermelo/">Zermelo, Ernst</a> (1871 - 1953)</li>
      
      <li><a href="../../Biographies/Zorn/">Zorn, Max</a> (1906 - 1993)</li>
      
      <li><a href="../../Biographies/Zuse/">Zuse, Konrad</a> (1910 - 1995)</li>
      
    </ul>
  </div>

  <!-- SIDEBAR -->
  <aside class="col-md-4">
    <div class="p-3 mb-3 bg-light rounded">
      <h4>Countries</h4>
      
      <li><a href="../Algeria/">Algeria</a></li>
      
      <li><a href="../Argentina/">Argentina</a></li>
      
      <li><a href="../Armenia/">Armenia</a></li>
      
      <li><a href="../Australia/">Australia</a></li>
      
      <li><a href="../Austria/">Austria</a></li>
      
      <li><a href="../Azerbaijan/">Azerbaijan</a></li>
      
      <li><a href="../Bangladesh/">Bangladesh</a></li>
      
      <li><a href="../Barbados/">Barbados</a></li>
      
      <li><a href="../Belarus/">Belarus</a></li>
      
      <li><a href="../Belgium/">Belgium</a></li>
      
      <li><a href="../Bolivia/">Bolivia</a></li>
      
      <li><a href="../Bosnia/">Bosnia</a></li>
      
      <li><a href="../Brazil/">Brazil</a></li>
      
      <li><a href="../Bulgaria/">Bulgaria</a></li>
      
      <li><a href="../Burkina Faso/">Burkina Faso</a></li>
      
      <li><a href="../Cameroon/">Cameroon</a></li>
      
      <li><a href="../Canada/">Canada</a></li>
      
      <li><a href="../Channel_Islands/">Channel Islands</a></li>
      
      <li><a href="../Chile/">Chile</a></li>
      
      <li><a href="../China/">China</a></li>
      
      <li><a href="../Colombia/">Colombia</a></li>
      
      <li><a href="../Croatia/">Croatia</a></li>
      
      <li><a href="../Cuba/">Cuba</a></li>
      
      <li><a href="../Czech Republic/">Czech Republic</a></li>
      
      <li><a href="../Denmark/">Denmark</a></li>
      
      <li><a href="../Egypt/">Egypt</a></li>
      
      <li><a href="../England/">England</a></li>
      
      <li><a href="../Estonia/">Estonia</a></li>
      
      <li><a href="../Finland/">Finland</a></li>
      
      <li><a href="../France/">France</a></li>
      
      <li><a href="../Georgia/">Georgia</a></li>
      
      <li><a href="./">Germany</a></li>
      
      <li><a href="../Ghana/">Ghana</a></li>
      
      <li><a href="../Gibraltar/">Gibraltar</a></li>
      
      <li><a href="../Greece/">Greece</a></li>
      
      <li><a href="../Haiti/">Haiti</a></li>
      
      <li><a href="../Hungary/">Hungary</a></li>
      
      <li><a href="../Iceland/">Iceland</a></li>
      
      <li><a href="../India/">India</a></li>
      
      <li><a href="../Indonesia/">Indonesia</a></li>
      
      <li><a href="../Iran/">Iran</a></li>
      
      <li><a href="../Iraq/">Iraq</a></li>
      
      <li><a href="../Ireland/">Ireland</a></li>
      
      <li><a href="../Israel/">Israel</a></li>
      
      <li><a href="../Italy/">Italy</a></li>
      
      <li><a href="../Jamaica/">Jamaica</a></li>
      
      <li><a href="../Japan/">Japan</a></li>
      
      <li><a href="../Jordan/">Jordan</a></li>
      
      <li><a href="../Kazakhstan/">Kazakhstan</a></li>
      
      <li><a href="../Kenya/">Kenya</a></li>
      
      <li><a href="../Kosovo/">Kosovo</a></li>
      
      <li><a href="../Latvia/">Latvia</a></li>
      
      <li><a href="../Lebanon/">Lebanon</a></li>
      
      <li><a href="../Lesotho/">Lesotho</a></li>
      
      <li><a href="../Libya/">Libya</a></li>
      
      <li><a href="../Lithuania/">Lithuania</a></li>
      
      <li><a href="../Luxembourg/">Luxembourg</a></li>
      
      <li><a href="../Macedonia/">Macedonia</a></li>
      
      <li><a href="../Malta/">Malta</a></li>
      
      <li><a href="../Mexico/">Mexico</a></li>
      
      <li><a href="../Moldova/">Moldova</a></li>
      
      <li><a href="../Montenegro/">Montenegro</a></li>
      
      <li><a href="../Morocco/">Morocco</a></li>
      
      <li><a href="../Netherlands/">Netherlands</a></li>
      
      <li><a href="../New-Caledonia/">New Caledonia</a></li>
      
      <li><a href="../New Zealand/">New Zealand</a></li>
      
      <li><a href="../Nigeria/">Nigeria</a></li>
      
      <li><a href="../North Korea/">North Korea</a></li>
      
      <li><a href="../Norway/">Norway</a></li>
      
      <li><a href="../Pakistan/">Pakistan</a></li>
      
      <li><a href="../Poland/">Poland</a></li>
      
      <li><a href="../Portugal/">Portugal</a></li>
      
      <li><a href="../Romania/">Romania</a></li>
      
      <li><a href="../Russia/">Russia</a></li>
      
      <li><a href="../Scotland/">Scotland</a></li>
      
      <li><a href="../Serbia/">Serbia</a></li>
      
      <li><a href="../Slovakia/">Slovakia</a></li>
      
      <li><a href="../Slovenia/">Slovenia</a></li>
      
      <li><a href="../South Africa/">South Africa</a></li>
      
      <li><a href="../South_Korea/">South Korea</a></li>
      
      <li><a href="../Spain/">Spain</a></li>
      
      <li><a href="../Sweden/">Sweden</a></li>
      
      <li><a href="../Switzerland/">Switzerland</a></li>
      
      <li><a href="../Syria/">Syria</a></li>
      
      <li><a href="../Taiwan/">Taiwan</a></li>
      
      <li><a href="../Tajikistan/">Tajikistan</a></li>
      
      <li><a href="../Tanzania/">Tanzania</a></li>
      
      <li><a href="../Tunisia/">Tunisia</a></li>
      
      <li><a href="../Turkey/">Turkey</a></li>
      
      <li><a href="../Ukraine/">Ukraine</a></li>
      
      <li><a href="../Uruguay/">Uruguay</a></li>
      
      <li><a href="../USA/">USA</a></li>
      
      <li><a href="../Uzbekistan/">Uzbekistan</a></li>
      
      <li><a href="../Venezuela/">Venezuela</a></li>
      
      <li><a href="../Vietnam/">Vietnam</a></li>
      
      <li><a href="../Wales/">Wales</a></li>
      
      <li><a href="../Zimbabwe/">Zimbabwe</a></li>
      
    </div>
  </aside>
  <!-- END SIDEBAR -->
</div>

<!--endnoindex-->
</main>

      
      <!--noindex-->

      <footer class="site-footer mt-3 pb-3 pt-3 pt-md-0">
        <div class="row">
          <div class="cr-footer col-md-4">
            DJF/JOC/EFR<br />
            <a href="../../Miscellaneous/copyright/"
              >Copyright information</a
            ><br />
            <a href="../../Miscellaneous/accessibility/"
              >Accessibility statement</a
            >
          </div>
          <div class="links-footer col-md-6">
            <a
              href="https://www.st-andrews.ac.uk/mathematics-statistics/"
              target="_blank"
              >School of Mathematics and Statistics</a
            >
            <br />
            <a href="http://www.st-andrews.ac.uk/" target="_blank"
              >University of St Andrews, Scotland</a
            >
          </div>
          <div class="col-md-2">
            <img
              src="../../static/img/st-andrews-logo.png?h=e46f195e"
              alt="University of St. Andrews logo"
            />
          </div>
        </div>
        <hr />
        <div class="row">
          <div class="col-md-12">
            If you have comments, or spot errors, we are always pleased to
            <a href="../../Miscellaneous/contact_us/">hear from you</a>.
          </div>
        </div>
      </footer>

      <!--endnoindex-->
    </div>

    
    <script src="../../static/js/popper.min.js?h=313789ca"></script>
    <script src="../../static/js/tippy-bundle.iife.min.js?h=99c14441"></script>
    <script src="../../static/js/site-popups.js?h=7ad47578"></script>
    <script src="../../static/js/foldup.js?h=0b5aeaab"></script>
    
    <script src="../../static/js/extras-popup.js?h=d0cee101"></script>
    
    <script src="../../static/js/imageMapResizer.min.js?h=319b7d80"></script>
    <script>
      imageMapResize();

      // https://blog.shhdharmen.me/toggle-light-and-dark-themes-in-bootstrap
      const LOCAL_STORAGE_KEY = 'toggle-bootstrap-theme';
      const LOCAL_META_DATA = JSON.parse(
        localStorage.getItem(LOCAL_STORAGE_KEY)
      );
      const DARK_THEME_PATH =
        'https://bootswatch.com/5/flatly/bootstrap.min.css';
      const DARK_STYLE_LINK = document.getElementById('new-theme-style');
      let isDark = LOCAL_META_DATA && LOCAL_META_DATA.isDark;

      // check if user has already selected dark theme earlier
      if (isDark) {
        enableDarkTheme();
      } else {
        disableDarkTheme();
      }

      /**
       * Apart from toggling themes, this will also store user's theme preference in local storage.
       * So when user visits next time, we can load the same theme.
       *
       */
      function toggleTheme() {
        isDark = !isDark;
        if (isDark) {
          enableDarkTheme();
        } else {
          disableDarkTheme();
        }
        const META = { isDark };
        localStorage.setItem(LOCAL_STORAGE_KEY, JSON.stringify(META));
      }

      function enableDarkTheme() {
        DARK_STYLE_LINK.setAttribute('href', DARK_THEME_PATH);
      }

      function disableDarkTheme() {
        DARK_STYLE_LINK.setAttribute('href', '');
      }
    </script>
    
  </body>
</html>
 contentType 9 text/html url 60 https://mathshistory.st-andrews.ac.uk:443/Countries/Germany/ responseCode 3 200 